partner_id,name,phone,vehicle_type,rating,num_deliveries,city,team_lead_id,is_active,license_number
PARTNER0001,Daniel Dixon,555-4190514,Car,4.6,284,Chicago,PARTNER0087,False,LIC7922227
PARTNER0002,Jennifer Young,555-3263253,Van,1.9,446,Phoenix,PARTNER0428,False,LIC6124003
PARTNER0003,Cindy Guerrero,555-9827323,Car,4.3,286,Phoenix,PARTNER0274,False,LIC5059660
PARTNER0004,Samantha Allen,555-2967596,Car,3.6,519,New York,PARTNER0049,True,LIC3387617
PARTNER0005,Michael Ross,555-1620910,Car,1.7,220,New York,PARTNER0426,False,LIC2357966
PARTNER0006,Susan Davis,555-9055722,Car,3.3,817,Houston,PARTNER0340,False,LIC7655912
PARTNER0007,Paul Johnson,555-8995789,Car,3.8,711,New York,PARTNER0203,False,LIC3100791
PARTNER0008,Brandon Barr,555-8810944,Van,1.2,622,Chicago,PARTNER0230,True,LIC9708045
PARTNER0009,Angel Bruce,555-1851504,Bike,1.4,474,Phoenix,PARTNER0426,False,LIC1388720
PARTNER0010,Lynn Howell,555-7608305,Bike,1.6,859,Houston,PARTNER0320,True,LIC2856570
PARTNER0011,Jeffrey Navarro,555-3870237,Bike,1.2,170,Phoenix,PARTNER0085,True,LIC6832900
PARTNER0012,Mark Ferguson,555-8393701,Car,3.3,934,Houston,PARTNER0062,True,LIC2044085
PARTNER0013,Janet Perry,555-1266945,Bike,3.4,910,New York,PARTNER0029,True,LIC3877468
PARTNER0014,Micheal Guerrero,555-3368701,Van,1.8,260,Los Angeles,PARTNER0192,False,LIC6823048
PARTNER0015,Bryan Wheeler,555-2203382,Bike,3.4,826,New York,PARTNER0243,False,LIC1399243
PARTNER0016,Howard Cole,555-5291189,Car,2.9,496,New York,PARTNER0240,True,LIC4833289
PARTNER0017,Margaret Green,555-9757341,Car,3.9,451,Chicago,PARTNER0359,False,LIC4599089
PARTNER0018,Heather Taylor,555-6979400,Car,1.4,456,Los Angeles,PARTNER0452,False,LIC5974541
PARTNER0019,Maria Palmer,555-2455436,Bike,3.5,403,Houston,PARTNER0321,False,LIC9194229
PARTNER0020,Jennifer Lambert,555-4657825,Car,3.6,249,Phoenix,PARTNER0161,False,LIC5049133
PARTNER0021,Samantha Raymond,555-1986484,Van,1.1,501,Phoenix,PARTNER0287,True,LIC7212463
PARTNER0022,Joseph Cooper,555-2760546,Bike,3.7,973,Phoenix,PARTNER0355,True,LIC6810690
PARTNER0023,Zachary Jones,555-9263867,Bike,3.8,637,Chicago,PARTNER0243,False,LIC4699994
PARTNER0024,Melissa Moreno,555-6854184,Bike,3.7,439,Houston,PARTNER0016,False,LIC3774617
PARTNER0025,Sean Larson,555-6433029,Bike,4.3,228,New York,PARTNER0164,False,LIC7226180
PARTNER0026,Mr. Robert Anderson,555-9689459,Bike,1.6,289,Chicago,PARTNER0473,True,LIC5068560
PARTNER0027,Deborah Andrews,555-5815777,Bike,3.9,169,Phoenix,PARTNER0278,False,LIC3318317
PARTNER0028,Michelle Patterson,555-3257683,Van,5.0,704,New York,PARTNER0474,True,LIC1494107
PARTNER0029,Jason Tanner,555-8484042,Bike,3.5,149,Houston,PARTNER0132,True,LIC3530047
PARTNER0030,Jennifer Lopez,555-5143692,Car,1.8,841,New York,PARTNER0132,True,LIC1794010
PARTNER0031,David Scott,555-1772007,Car,1.5,524,Houston,PARTNER0313,True,LIC9526198
PARTNER0032,Andrew Miller,555-6042773,Van,1.5,290,New York,PARTNER0086,True,LIC7430439
PARTNER0033,Michael Lewis,555-6174709,Van,5.0,128,Phoenix,PARTNER0005,False,LIC9444006
PARTNER0034,Linda Price,555-6909259,Car,1.9,496,Los Angeles,PARTNER0462,False,LIC4635108
PARTNER0035,Morgan Fields,555-6213821,Bike,1.4,235,Los Angeles,PARTNER0037,True,LIC9991046
PARTNER0036,Timothy Rodriguez,555-6819687,Car,1.4,139,Chicago,PARTNER0257,True,LIC4840913
PARTNER0037,Donald Ward,555-1720650,Van,3.6,784,Houston,PARTNER0161,False,LIC8101943
PARTNER0038,Tiffany Murphy,555-7537033,Car,4.6,204,Los Angeles,PARTNER0113,True,LIC7823616
PARTNER0039,Anne Ryan,555-4218986,Bike,1.3,179,New York,PARTNER0498,False,LIC3307083
PARTNER0040,Jordan Simmons,555-9399795,Van,3.3,488,Los Angeles,PARTNER0495,True,LIC7872334
PARTNER0041,Kayla Carrillo,555-9933349,Van,4.8,108,Chicago,PARTNER0496,False,LIC3926113
PARTNER0042,James Melton,555-4475203,Bike,4.8,563,Chicago,PARTNER0317,True,LIC9693717
PARTNER0043,Cameron Dorsey,555-8007581,Car,4.5,868,Chicago,PARTNER0196,False,LIC8351647
PARTNER0044,Cheryl Adams,555-6636529,Van,1.9,614,Chicago,PARTNER0233,True,LIC6159255
PARTNER0045,Adrian Williams,555-4077981,Van,3.9,456,Phoenix,PARTNER0455,True,LIC3767919
PARTNER0046,James Wilson,555-6862647,Van,1.3,118,Chicago,PARTNER0410,True,LIC2999414
PARTNER0047,Erik Keith,555-3810554,Bike,3.4,970,New York,PARTNER0209,False,LIC9614527
PARTNER0048,Natalie Williams DDS,555-9692503,Car,2.1,563,New York,PARTNER0129,True,LIC1027877
PARTNER0049,Steven Lopez,555-6293525,Bike,4.1,304,Chicago,PARTNER0111,True,LIC4386389
PARTNER0050,Ashley Lawson,555-4663279,Bike,3.9,431,Phoenix,PARTNER0498,False,LIC1563936
PARTNER0051,Ashley Barnes,555-8165454,Car,3.6,553,Phoenix,PARTNER0293,False,LIC8644018
PARTNER0052,Jennifer Harvey,555-1186300,Car,4.7,210,Houston,PARTNER0122,False,LIC7994599
PARTNER0053,Brittany David,555-9441760,Van,3.8,901,Los Angeles,PARTNER0384,False,LIC1275775
PARTNER0054,Kenneth Owens,555-7992373,Van,2.0,655,Los Angeles,PARTNER0007,True,LIC2669849
PARTNER0055,Bruce Huber,555-2432525,Car,1.1,418,Chicago,PARTNER0081,True,LIC1318757
PARTNER0056,Brenda Moore,555-2880197,Car,4.2,557,New York,PARTNER0433,False,LIC7437851
PARTNER0057,Marcus Johnson,555-8372025,Van,2.2,674,Los Angeles,PARTNER0036,True,LIC4536051
PARTNER0058,Mr. Michael Williams,555-3697340,Car,2.5,778,New York,PARTNER0306,True,LIC3413862
PARTNER0059,Riley Ross,555-8115023,Van,3.5,707,Los Angeles,PARTNER0095,True,LIC2111474
PARTNER0060,Mrs. Barbara Davis DDS,555-3758565,Van,3.3,262,Phoenix,PARTNER0008,False,LIC4786488
PARTNER0061,Heather Cole,555-8537711,Bike,4.2,426,New York,PARTNER0141,True,LIC9824736
PARTNER0062,Nicholas Santos,555-4303470,Car,2.1,642,Los Angeles,PARTNER0103,True,LIC3071172
PARTNER0063,Anthony Fowler,555-9304062,Bike,2.1,959,Chicago,PARTNER0139,False,LIC9511860
PARTNER0064,Jacob Carroll,555-1593598,Car,2.5,386,Houston,PARTNER0447,False,LIC1834528
PARTNER0065,David Fitzpatrick,555-3422211,Car,1.0,924,New York,PARTNER0018,False,LIC2956683
PARTNER0066,Rebecca Williams,555-4859216,Van,4.7,166,Houston,PARTNER0360,True,LIC7957275
PARTNER0067,Mark Burke,555-5358897,Van,1.5,142,Houston,PARTNER0064,True,LIC3374420
PARTNER0068,Kevin Jones,555-4823727,Van,2.9,196,New York,PARTNER0123,True,LIC6116212
PARTNER0069,Derek Wilson,555-3701138,Van,1.9,288,Phoenix,PARTNER0476,False,LIC5126026
PARTNER0070,Emily Morrow,555-3711480,Car,3.9,744,Houston,PARTNER0013,True,LIC5538800
PARTNER0071,Justin Fleming MD,555-4144021,Car,2.8,730,Phoenix,PARTNER0211,False,LIC6931621
PARTNER0072,Dorothy Russell,555-5130736,Bike,3.1,863,Phoenix,PARTNER0138,False,LIC7695340
PARTNER0073,Timothy Myers,555-7262360,Bike,2.1,870,Los Angeles,PARTNER0188,False,LIC7222812
PARTNER0074,Claudia Mason,555-1971204,Van,4.5,860,Los Angeles,PARTNER0412,False,LIC7337375
PARTNER0075,Nancy Hays,555-1534639,Bike,1.6,133,Los Angeles,PARTNER0395,False,LIC7071214
PARTNER0076,Rhonda Nelson,555-7694187,Car,4.3,419,Houston,PARTNER0010,False,LIC7957663
PARTNER0077,Jonathan Fuller,555-2049684,Van,4.7,294,Houston,PARTNER0271,False,LIC8419931
PARTNER0078,Taylor Alexander,555-7007277,Van,2.9,458,New York,PARTNER0303,False,LIC7638045
PARTNER0079,Kirsten Guzman,555-7658575,Bike,3.0,224,Los Angeles,PARTNER0249,False,LIC5478719
PARTNER0080,Christopher Williams,555-7385682,Bike,2.3,928,Houston,PARTNER0107,True,LIC5635125
PARTNER0081,Eileen Sanchez,555-5204504,Van,4.4,649,Phoenix,PARTNER0250,True,LIC1446097
PARTNER0082,Stephanie Graham,555-9822832,Bike,3.6,984,Chicago,PARTNER0377,True,LIC5230415
PARTNER0083,David Powell,555-5527621,Bike,1.4,926,New York,PARTNER0110,False,LIC1961808
PARTNER0084,Jacob Gomez,555-3042085,Bike,5.0,592,Phoenix,PARTNER0264,False,LIC6513807
PARTNER0085,Jose Smith,555-7636328,Van,1.0,359,Houston,PARTNER0244,False,LIC7088436
PARTNER0086,Angela Burton DDS,555-9622166,Car,1.4,320,Los Angeles,PARTNER0312,True,LIC4910061
PARTNER0087,Donald Morton,555-5498412,Van,1.0,200,Los Angeles,PARTNER0004,True,LIC6375247
PARTNER0088,William Gilbert,555-4863199,Van,4.5,357,New York,PARTNER0428,True,LIC5208064
PARTNER0089,Alejandro Smith,555-1354027,Van,2.8,624,Chicago,PARTNER0046,False,LIC7342857
PARTNER0090,Sarah Horn,555-8375012,Bike,2.8,692,Houston,PARTNER0132,True,LIC5381877
PARTNER0091,Mr. Michael Hubbard,555-5817659,Bike,4.1,634,Los Angeles,PARTNER0482,True,LIC3746393
PARTNER0092,Katherine Wagner,555-7235622,Car,2.9,923,Los Angeles,PARTNER0297,True,LIC9059482
PARTNER0093,Joel Stone,555-6129949,Car,2.4,960,New York,PARTNER0072,True,LIC7739356
PARTNER0094,Beth Lopez,555-4364363,Van,2.3,214,Houston,PARTNER0473,True,LIC7588194
PARTNER0095,Hailey Stevens,555-3497144,Car,1.1,865,New York,PARTNER0460,False,LIC8847952
PARTNER0096,Jessica Rice,555-1724536,Car,3.7,612,Los Angeles,PARTNER0250,False,LIC4915147
PARTNER0097,James Fritz,555-2116439,Bike,3.8,123,Los Angeles,PARTNER0307,False,LIC3898669
PARTNER0098,Heather James,555-6537927,Bike,3.3,383,Phoenix,PARTNER0120,True,LIC2649570
PARTNER0099,Adam Burns,555-1106871,Bike,2.6,990,Chicago,PARTNER0400,False,LIC6375593
PARTNER0100,William Chapman,555-6596161,Car,1.2,585,Los Angeles,PARTNER0441,False,LIC1650886
PARTNER0101,Jessica Lopez,555-1013743,Bike,3.1,293,Chicago,PARTNER0106,False,LIC7815180
PARTNER0102,David Barnes,555-8189948,Car,2.0,991,New York,PARTNER0076,False,LIC8477235
PARTNER0103,Emily Pennington,555-2299340,Bike,3.0,740,Houston,PARTNER0274,False,LIC7393577
PARTNER0104,Michael Norman,555-4227896,Bike,3.1,648,New York,PARTNER0448,False,LIC1728704
PARTNER0105,Brianna Gutierrez,555-5850730,Van,2.8,192,Los Angeles,PARTNER0247,True,LIC8042414
PARTNER0106,Brianna Ferrell,555-3215386,Van,3.6,923,Los Angeles,PARTNER0342,True,LIC1067700
PARTNER0107,Sarah Smith,555-3608385,Van,3.1,417,Chicago,PARTNER0171,False,LIC1602574
PARTNER0108,Rebecca Riggs,555-6960565,Car,1.2,924,Los Angeles,PARTNER0399,True,LIC8657795
PARTNER0109,Terry Cobb,555-6888538,Car,1.8,984,Chicago,PARTNER0345,True,LIC8708492
PARTNER0110,Carrie Carr,555-7688558,Car,3.7,826,Phoenix,PARTNER0192,False,LIC9076243
PARTNER0111,Erik Smith,555-9666517,Car,4.8,181,Phoenix,PARTNER0422,True,LIC7978412
PARTNER0112,Zachary Wolfe,555-1537261,Car,4.1,887,Houston,PARTNER0320,False,LIC5630150
PARTNER0113,Ashley Weeks,555-8991553,Bike,3.6,316,Chicago,PARTNER0470,False,LIC2924546
PARTNER0114,Matthew Duran,555-4539847,Bike,5.0,761,New York,PARTNER0425,True,LIC7508812
PARTNER0115,Michael Harris,555-4843982,Bike,2.8,700,Houston,PARTNER0398,False,LIC1609399
PARTNER0116,Amanda Fowler,555-4987467,Bike,1.2,404,Houston,PARTNER0327,True,LIC1097467
PARTNER0117,Christopher Blake,555-8197280,Bike,1.0,212,New York,PARTNER0412,False,LIC2527143
PARTNER0118,Emily Baker,555-4773805,Van,1.2,393,Houston,PARTNER0022,True,LIC8056219
PARTNER0119,Mary Flores,555-4304767,Bike,2.1,330,Chicago,PARTNER0306,True,LIC8886698
PARTNER0120,Kimberly Thomas,555-3562118,Van,2.4,130,Houston,PARTNER0223,True,LIC9015896
PARTNER0121,Zachary Anderson,555-8675126,Bike,2.5,237,Los Angeles,PARTNER0066,True,LIC1001279
PARTNER0122,Samantha Baird,555-8149203,Bike,2.0,727,Houston,PARTNER0376,False,LIC1501397
PARTNER0123,Debra Lee,555-5539120,Car,1.8,324,Chicago,PARTNER0474,False,LIC8904840
PARTNER0124,Vincent Allen,555-1231892,Car,2.0,470,Los Angeles,PARTNER0156,False,LIC7851960
PARTNER0125,Sean Hodges,555-2146500,Van,3.6,984,New York,PARTNER0310,True,LIC7246878
PARTNER0126,Sean Jones,555-4884688,Bike,2.7,434,Houston,PARTNER0006,True,LIC6841057
PARTNER0127,Joshua Dixon,555-9093124,Bike,2.2,541,Chicago,PARTNER0321,True,LIC2984729
PARTNER0128,Emily Jones,555-7363485,Car,2.1,425,New York,PARTNER0376,True,LIC9812638
PARTNER0129,Brandon Gonzalez,555-4162192,Car,4.3,364,Houston,PARTNER0298,True,LIC1112985
PARTNER0130,Christopher Lopez,555-9270389,Van,1.2,422,Phoenix,PARTNER0386,False,LIC1200642
PARTNER0131,Denise Nielsen,555-9800980,Car,2.6,390,Chicago,PARTNER0336,False,LIC1648162
PARTNER0132,Ryan Lee,555-6028878,Bike,4.4,945,Chicago,PARTNER0208,False,LIC5210803
PARTNER0133,Michael Chavez,555-9436647,Car,1.6,581,Chicago,PARTNER0307,True,LIC8381608
PARTNER0134,Elizabeth Simpson,555-9928463,Bike,4.7,284,Phoenix,PARTNER0047,True,LIC8197401
PARTNER0135,Mary Smith,555-6599149,Van,2.1,118,Chicago,PARTNER0320,True,LIC8133143
PARTNER0136,Shelby Reese,555-4050945,Car,4.3,879,Chicago,PARTNER0245,True,LIC5045290
PARTNER0137,Bradley Lopez,555-5570504,Car,3.0,497,Phoenix,PARTNER0403,False,LIC4377628
PARTNER0138,Michael Ellis,555-4745357,Car,4.4,642,Houston,PARTNER0069,True,LIC2650662
PARTNER0139,Timothy Romero,555-6213480,Car,3.0,793,Chicago,PARTNER0314,False,LIC9890294
PARTNER0140,Kevin Brown,555-8908727,Bike,2.4,239,Phoenix,PARTNER0194,False,LIC1305855
PARTNER0141,Luke Chase,555-7705713,Bike,1.3,320,Houston,PARTNER0201,False,LIC4429308
PARTNER0142,Matthew Baker,555-7844026,Van,3.5,539,Chicago,PARTNER0282,False,LIC6412463
PARTNER0143,Vincent Garcia,555-2544020,Bike,3.9,681,Chicago,PARTNER0184,True,LIC1249080
PARTNER0144,Yolanda Nielsen,555-3176206,Car,4.0,791,Chicago,PARTNER0291,False,LIC8853723
PARTNER0145,Anna Duncan,555-1580208,Van,3.0,556,New York,PARTNER0171,True,LIC9835883
PARTNER0146,Amber Anderson,555-3417386,Bike,3.2,951,Phoenix,PARTNER0350,False,LIC8337213
PARTNER0147,Laura Leonard,555-4023415,Bike,4.6,660,Chicago,PARTNER0182,True,LIC7346283
PARTNER0148,Keith Williams,555-1990136,Car,1.4,139,Los Angeles,PARTNER0398,True,LIC1473880
PARTNER0149,Kimberly Mata,555-7352648,Bike,1.7,894,Chicago,PARTNER0210,False,LIC2372411
PARTNER0150,John Gray,555-3290760,Car,2.5,219,Los Angeles,PARTNER0347,False,LIC1858179
PARTNER0151,Nicole Cummings,555-5754345,Car,2.1,595,Los Angeles,PARTNER0409,False,LIC4286801
PARTNER0152,Allison Wood,555-5201499,Car,1.3,381,Chicago,PARTNER0249,False,LIC2378408
PARTNER0153,Jill Sanders,555-5039998,Bike,4.7,191,Phoenix,PARTNER0218,True,LIC6042924
PARTNER0154,Samantha Luna,555-6985652,Car,4.0,973,Phoenix,PARTNER0029,False,LIC3291719
PARTNER0155,Wanda Roberson,555-4988540,Van,2.9,234,Chicago,PARTNER0208,False,LIC1164276
PARTNER0156,Barbara Schmidt,555-8760750,Van,3.8,943,Los Angeles,PARTNER0022,True,LIC8192768
PARTNER0157,Michael Berg,555-2140174,Bike,4.8,696,Phoenix,PARTNER0081,True,LIC1376907
PARTNER0158,Andrew Russo,555-8964026,Car,3.8,110,Phoenix,PARTNER0438,True,LIC8405390
PARTNER0159,Amanda Ferrell,555-8705666,Van,2.1,450,Los Angeles,PARTNER0334,False,LIC8463694
PARTNER0160,Valerie Hopkins,555-4640211,Van,1.2,581,Houston,PARTNER0059,False,LIC7910325
PARTNER0161,John Rivera,555-4242806,Bike,3.6,769,Phoenix,PARTNER0054,False,LIC1401156
PARTNER0162,Michelle Finley,555-2446510,Car,2.0,689,Los Angeles,PARTNER0250,True,LIC5642590
PARTNER0163,Jacob Bryan,555-8048571,Bike,1.1,157,New York,PARTNER0061,False,LIC7673288
PARTNER0164,Tammy Roberts,555-6640518,Van,4.2,723,Chicago,PARTNER0283,False,LIC2666740
PARTNER0165,Melinda Holloway,555-1374866,Van,2.2,284,Los Angeles,PARTNER0238,False,LIC1486752
PARTNER0166,Michael Reynolds,555-3121724,Van,3.3,856,Chicago,PARTNER0102,True,LIC1030021
PARTNER0167,Joshua Gonzalez,555-4343240,Bike,2.7,169,Houston,PARTNER0230,False,LIC5325535
PARTNER0168,Michael Whitehead,555-8018098,Bike,3.2,352,Houston,PARTNER0067,True,LIC9429532
PARTNER0169,Patrick Alvarez,555-8527976,Van,1.1,855,Chicago,PARTNER0189,True,LIC5784239
PARTNER0170,Timothy Nunez,555-4761382,Bike,1.7,976,Chicago,PARTNER0113,True,LIC1194064
PARTNER0171,Carla White,555-4413828,Van,3.2,326,New York,PARTNER0405,False,LIC8757073
PARTNER0172,Brandon Ryan,555-8113375,Van,1.3,961,Phoenix,PARTNER0348,False,LIC5370219
PARTNER0173,John Harrell,555-1585847,Bike,1.5,203,Phoenix,PARTNER0217,True,LIC2569832
PARTNER0174,Erika Douglas,555-4040704,Car,3.1,446,Phoenix,PARTNER0131,False,LIC7878300
PARTNER0175,Jonathan Mitchell,555-9554405,Car,4.5,492,Houston,PARTNER0189,False,LIC4247395
PARTNER0176,Ashley Villanueva,555-3119405,Bike,3.6,241,Los Angeles,PARTNER0152,True,LIC2755277
PARTNER0177,Joseph Gilmore,555-6217194,Car,3.4,961,New York,PARTNER0217,True,LIC4435172
PARTNER0178,Joshua White,555-5446010,Bike,1.4,248,Phoenix,PARTNER0281,True,LIC8900250
PARTNER0179,Tiffany Snow,555-8260182,Bike,3.5,870,Houston,PARTNER0289,False,LIC5688677
PARTNER0180,Kyle Clements,555-8969624,Bike,4.6,179,Phoenix,PARTNER0060,True,LIC9334916
PARTNER0181,Jennifer Wright,555-6066136,Bike,1.0,197,Los Angeles,PARTNER0200,False,LIC5079004
PARTNER0182,Jason Ochoa,555-9732750,Car,3.2,537,Chicago,PARTNER0373,False,LIC5365370
PARTNER0183,Jared Levy,555-7690813,Van,3.2,910,Chicago,PARTNER0321,False,LIC5424914
PARTNER0184,Ashley Daniel,555-7454565,Car,2.0,683,Los Angeles,PARTNER0199,True,LIC5789709
PARTNER0185,Evelyn Flores,555-6157546,Bike,4.5,971,Phoenix,PARTNER0349,True,LIC1561024
PARTNER0186,Mackenzie Mckinney,555-4848780,Car,3.2,722,Chicago,PARTNER0301,False,LIC8606431
PARTNER0187,Jennifer Riley,555-8270799,Car,4.3,837,Phoenix,PARTNER0153,False,LIC7156824
PARTNER0188,Michael Lee,555-2350540,Van,3.1,228,Houston,PARTNER0041,True,LIC9225154
PARTNER0189,Mr. Juan Parker MD,555-4947407,Bike,4.4,549,Los Angeles,PARTNER0484,False,LIC4116086
PARTNER0190,Elizabeth West,555-4839284,Bike,3.8,886,Phoenix,PARTNER0192,True,LIC2213245
PARTNER0191,Laura Scott,555-1827807,Car,4.8,588,Phoenix,PARTNER0207,False,LIC4006886
PARTNER0192,Todd Gonzalez,555-8557517,Bike,4.0,851,Phoenix,PARTNER0169,True,LIC6504757
PARTNER0193,Jessica Ibarra,555-3755290,Bike,3.0,710,Phoenix,PARTNER0286,False,LIC5296013
PARTNER0194,Karen Hood,555-1683136,Van,2.9,340,Los Angeles,PARTNER0084,True,LIC2906298
PARTNER0195,William Ashley,555-8713106,Car,3.8,379,New York,PARTNER0439,False,LIC7829423
PARTNER0196,Michael Love,555-2774557,Van,3.4,153,Los Angeles,PARTNER0499,False,LIC9919013
PARTNER0197,Vanessa Simmons,555-4395464,Bike,3.7,640,Chicago,PARTNER0308,False,LIC3808949
PARTNER0198,Jason Brown,555-5181090,Bike,1.7,489,New York,PARTNER0057,False,LIC9147023
PARTNER0199,Christopher Chambers,555-4667200,Van,2.2,922,Phoenix,PARTNER0027,True,LIC7863071
PARTNER0200,Jessica Brown,555-3022481,Car,1.7,439,Los Angeles,PARTNER0454,True,LIC9960577
PARTNER0201,Richard Lynn,555-4032061,Van,2.3,435,Los Angeles,PARTNER0415,False,LIC2123110
PARTNER0202,Lisa Sims,555-5321279,Van,2.4,499,Chicago,PARTNER0217,False,LIC7592623
PARTNER0203,Ricky Daniel,555-6940407,Car,4.2,733,New York,PARTNER0376,True,LIC4603215
PARTNER0204,Tami Cox,555-6798283,Van,4.8,402,Phoenix,PARTNER0500,True,LIC8438142
PARTNER0205,Sarah Davis,555-3704185,Car,2.3,416,Houston,PARTNER0482,False,LIC7347354
PARTNER0206,Shelby Thompson,555-3976616,Bike,2.1,514,New York,PARTNER0080,True,LIC7662239
PARTNER0207,Kimberly Nolan,555-4162546,Car,2.7,727,Phoenix,PARTNER0339,True,LIC3307479
PARTNER0208,Mario Evans,555-1424132,Bike,2.7,936,New York,PARTNER0338,True,LIC5927632
PARTNER0209,Brian Watkins,555-4150399,Van,3.8,710,Phoenix,PARTNER0469,False,LIC3821439
PARTNER0210,Roger Davis,555-4607868,Bike,2.8,269,Phoenix,PARTNER0411,False,LIC2583687
PARTNER0211,Kyle Garcia,555-7912621,Bike,3.4,192,Los Angeles,PARTNER0169,True,LIC7938282
PARTNER0212,Monica Townsend,555-3106327,Van,2.9,693,Phoenix,PARTNER0136,True,LIC6977801
PARTNER0213,Raven Green,555-3623907,Car,1.3,356,Chicago,PARTNER0486,True,LIC9600539
PARTNER0214,Andrew Irwin,555-5221283,Van,4.8,243,New York,PARTNER0321,True,LIC6055916
PARTNER0215,Nancy Walker,555-4050292,Van,3.1,695,New York,PARTNER0152,True,LIC3802751
PARTNER0216,Corey Yang,555-4083570,Van,2.0,253,Houston,PARTNER0021,False,LIC8312018
PARTNER0217,Misty Vaughn,555-1294244,Car,3.0,586,Chicago,PARTNER0302,False,LIC3858989
PARTNER0218,Marissa Wagner,555-4479213,Bike,2.7,286,New York,PARTNER0259,True,LIC7818387
PARTNER0219,Michael Valdez,555-4692779,Bike,4.6,566,New York,PARTNER0161,True,LIC3662610
PARTNER0220,Amy Robinson,555-2745755,Van,4.4,142,New York,PARTNER0402,False,LIC3891308
PARTNER0221,Anita Carlson,555-1475449,Bike,1.9,957,Houston,PARTNER0395,False,LIC6491284
PARTNER0222,Levi Harper,555-9251992,Bike,1.0,388,Chicago,PARTNER0093,True,LIC8537575
PARTNER0223,Jennifer Hurst,555-8592623,Bike,2.1,423,Phoenix,PARTNER0144,True,LIC3856026
PARTNER0224,Christine Mccall,555-8974896,Car,3.0,153,Houston,PARTNER0477,True,LIC6789514
PARTNER0225,Rebecca Wise,555-1965776,Car,4.0,888,Chicago,PARTNER0364,True,LIC1933149
PARTNER0226,Ryan Young,555-5398231,Bike,2.9,187,Houston,PARTNER0036,False,LIC6102683
PARTNER0227,Ryan Andrade,555-6314404,Bike,2.0,690,Los Angeles,PARTNER0492,True,LIC3914100
PARTNER0228,Kathleen Randolph,555-5452713,Car,3.9,519,Phoenix,PARTNER0468,True,LIC3019280
PARTNER0229,Maria Rogers,555-3263922,Car,3.3,744,Chicago,PARTNER0012,True,LIC3530483
PARTNER0230,Wendy Benson,555-4322143,Bike,4.5,333,Houston,PARTNER0107,False,LIC6078438
PARTNER0231,Carl Buckley,555-1182937,Bike,2.6,529,Los Angeles,PARTNER0282,True,LIC4289708
PARTNER0232,Richard Martinez,555-5369006,Car,2.1,212,Los Angeles,PARTNER0243,True,LIC3530370
PARTNER0233,Brianna Preston,555-4508228,Bike,3.3,547,Los Angeles,PARTNER0463,False,LIC4467158
PARTNER0234,Joshua Vang,555-8474540,Car,4.3,770,Chicago,PARTNER0438,False,LIC5268918
PARTNER0235,Carolyn Williams,555-1838470,Bike,2.6,906,Chicago,PARTNER0360,True,LIC7374877
PARTNER0236,Ruben Torres,555-3267639,Car,2.6,914,Los Angeles,PARTNER0003,True,LIC6986828
PARTNER0237,Ian Rodriguez,555-5829577,Car,1.8,141,Phoenix,PARTNER0173,False,LIC1218943
PARTNER0238,Benjamin Weeks,555-2250452,Bike,1.2,298,New York,PARTNER0254,True,LIC4605733
PARTNER0239,Kevin Weiss,555-8163840,Car,4.8,430,Houston,PARTNER0207,True,LIC2537608
PARTNER0240,Sarah Eaton,555-3453453,Van,1.4,445,New York,PARTNER0168,True,LIC2309452
PARTNER0241,Adam Barrett,555-6880232,Car,1.9,284,New York,PARTNER0154,False,LIC3202709
PARTNER0242,Lori Smith,555-6850815,Bike,4.7,185,Chicago,PARTNER0058,False,LIC6482190
PARTNER0243,Pamela Martin,555-4678534,Car,4.4,974,Los Angeles,PARTNER0077,True,LIC7102436
PARTNER0244,Albert Stephens,555-9809315,Bike,4.3,973,Houston,PARTNER0129,False,LIC1019748
PARTNER0245,Julian Taylor,555-8322365,Bike,1.9,163,Houston,PARTNER0336,True,LIC7310310
PARTNER0246,Cynthia Holden,555-7250234,Car,4.6,520,Phoenix,PARTNER0265,False,LIC4718634
PARTNER0247,Emily Perez,555-6408720,Car,4.3,449,Chicago,PARTNER0313,False,LIC8022743
PARTNER0248,Emily Perez,555-1575986,Bike,2.4,629,New York,PARTNER0421,True,LIC2904516
PARTNER0249,Anthony Woodward,555-4467656,Van,1.1,974,Houston,PARTNER0151,True,LIC4211884
PARTNER0250,Samantha Atkinson,555-9949045,Car,2.3,707,Houston,PARTNER0157,True,LIC7901501
PARTNER0251,Phillip Morgan,555-8606192,Bike,3.3,600,Phoenix,PARTNER0419,False,LIC3716220
PARTNER0252,Nathan Jones,555-5487337,Bike,4.5,583,New York,PARTNER0469,False,LIC6966822
PARTNER0253,Danielle Baker,555-5262291,Car,3.2,644,Chicago,PARTNER0435,False,LIC4661871
PARTNER0254,Heather Black,555-6128027,Car,1.8,381,Phoenix,PARTNER0433,True,LIC9281771
PARTNER0255,Maurice Patterson,555-8927163,Van,4.3,920,Los Angeles,PARTNER0208,False,LIC8718781
PARTNER0256,Austin Herring,555-9665234,Van,2.1,322,Chicago,PARTNER0012,False,LIC6796125
PARTNER0257,Lisa Ramirez PhD,555-2836042,Car,2.4,888,New York,PARTNER0082,True,LIC7474570
PARTNER0258,Tiffany Freeman,555-7775455,Bike,1.6,707,Los Angeles,PARTNER0014,False,LIC5712902
PARTNER0259,James Williamson,555-1207856,Car,2.6,651,Los Angeles,PARTNER0420,False,LIC5338192
PARTNER0260,Sylvia Becker,555-5749180,Bike,2.8,847,New York,PARTNER0499,False,LIC4018752
PARTNER0261,Bill Beck,555-8626319,Bike,1.5,102,Chicago,PARTNER0143,True,LIC4479575
PARTNER0262,Charles Torres,555-2698009,Van,2.9,347,New York,PARTNER0105,False,LIC4808069
PARTNER0263,Greg Romero,555-8978890,Bike,4.4,547,Los Angeles,PARTNER0149,True,LIC3801288
PARTNER0264,James Lopez,555-3184612,Bike,3.4,617,Los Angeles,PARTNER0247,False,LIC1793715
PARTNER0265,Scott Bowen,555-1834847,Bike,3.4,185,Los Angeles,PARTNER0401,True,LIC6961105
PARTNER0266,Corey Sanchez,555-2185932,Car,1.0,968,Los Angeles,PARTNER0122,False,LIC2727512
PARTNER0267,Cindy Morris,555-7773899,Van,4.4,753,Los Angeles,PARTNER0195,False,LIC6687214
PARTNER0268,Shane Mason,555-3376981,Bike,4.5,824,New York,PARTNER0418,True,LIC3597998
PARTNER0269,Keith Mcfarland,555-1013310,Car,1.0,769,Phoenix,PARTNER0047,False,LIC8764425
PARTNER0270,Amanda Morales,555-1562179,Bike,4.0,402,New York,PARTNER0102,False,LIC2631999
PARTNER0271,Ian Boyd,555-9826046,Car,1.5,827,Chicago,PARTNER0266,True,LIC9323307
PARTNER0272,William Brooks DVM,555-7969500,Bike,1.3,886,Houston,PARTNER0043,True,LIC6457276
PARTNER0273,Jason Bates,555-7752234,Car,4.2,299,Chicago,PARTNER0169,False,LIC5923958
PARTNER0274,Amanda Jones,555-1220743,Bike,4.9,259,Los Angeles,PARTNER0403,False,LIC9748142
PARTNER0275,Christopher Bishop,555-6407904,Bike,2.3,174,Houston,PARTNER0482,False,LIC9360809
PARTNER0276,Aaron Ayers,555-9559483,Bike,3.8,141,Phoenix,PARTNER0302,True,LIC5135242
PARTNER0277,Michael Keller,555-1396896,Van,4.0,541,Houston,PARTNER0136,True,LIC5194792
PARTNER0278,Michael Chen,555-5960797,Car,1.3,889,Phoenix,PARTNER0423,True,LIC7543897
PARTNER0279,Gregory King,555-9484351,Bike,3.5,456,Houston,PARTNER0138,False,LIC3839213
PARTNER0280,Catherine Baldwin,555-8703209,Van,2.3,962,Los Angeles,PARTNER0227,True,LIC8304183
PARTNER0281,Cody Carrillo,555-4819284,Car,2.9,915,Los Angeles,PARTNER0101,False,LIC7776234
PARTNER0282,Angela Brown,555-2803428,Car,2.2,101,Los Angeles,PARTNER0193,True,LIC5069482
PARTNER0283,Brenda Schneider,555-8348884,Van,3.5,672,Chicago,PARTNER0205,False,LIC4343416
PARTNER0284,Brandon Phillips,555-8356557,Van,1.0,465,Chicago,PARTNER0277,True,LIC6936635
PARTNER0285,Kimberly Morrison,555-6063930,Bike,3.8,603,New York,PARTNER0455,False,LIC4005382
PARTNER0286,Debra Walker,555-5879940,Van,3.5,261,Phoenix,PARTNER0089,True,LIC1574152
PARTNER0287,Donald Adams,555-4594905,Bike,2.5,958,Phoenix,PARTNER0328,True,LIC7109639
PARTNER0288,Sherri Smith,555-5003394,Car,2.3,551,Chicago,PARTNER0394,False,LIC9522990
PARTNER0289,Dr. Monique Burton,555-1594819,Car,1.5,185,Houston,PARTNER0496,True,LIC9843003
PARTNER0290,Justin Leon,555-5282468,Bike,1.4,617,Chicago,PARTNER0024,True,LIC4251731
PARTNER0291,Heidi Alexander,555-6720673,Car,4.4,587,Chicago,PARTNER0221,False,LIC7203181
PARTNER0292,Sarah Harrington,555-1619850,Bike,4.8,537,Chicago,PARTNER0303,True,LIC8372113
PARTNER0293,Jennifer Thompson,555-2457081,Car,2.8,166,New York,PARTNER0426,False,LIC2479990
PARTNER0294,Mrs. Hannah Howard,555-1324952,Bike,2.4,183,Chicago,PARTNER0292,True,LIC4759922
PARTNER0295,Gloria Williams,555-6572488,Van,3.4,572,Houston,PARTNER0308,True,LIC2466341
PARTNER0296,Carolyn Jefferson,555-4192750,Bike,4.7,283,Phoenix,PARTNER0226,False,LIC2054500
PARTNER0297,Melissa Smith,555-7256733,Bike,1.4,727,Phoenix,PARTNER0190,False,LIC8181167
PARTNER0298,Joel Alvarado,555-2735984,Car,2.7,678,Houston,PARTNER0430,True,LIC2113119
PARTNER0299,Tammy Coleman,555-6080363,Car,4.5,629,Chicago,PARTNER0265,True,LIC7097005
PARTNER0300,Adam Adams,555-2843084,Van,3.0,223,Houston,PARTNER0369,True,LIC3673834
PARTNER0301,Crystal Powell,555-7937172,Car,2.0,934,Chicago,PARTNER0330,False,LIC6951581
PARTNER0302,Catherine Collins,555-4475109,Car,1.4,376,Phoenix,PARTNER0091,False,LIC4246348
PARTNER0303,Austin Torres,555-2771783,Bike,2.0,122,Los Angeles,PARTNER0012,True,LIC9869143
PARTNER0304,Christina Williams,555-4949740,Car,1.2,335,Chicago,PARTNER0437,False,LIC1778359
PARTNER0305,Renee Wilson,555-7409079,Car,4.3,774,Los Angeles,PARTNER0026,False,LIC6469580
PARTNER0306,Larry Blackwell,555-5386849,Car,1.3,342,Chicago,PARTNER0214,False,LIC5734248
PARTNER0307,Tanya Rogers,555-8200382,Van,2.2,899,Chicago,PARTNER0077,True,LIC9681612
PARTNER0308,Christy Garrison,555-8760841,Car,3.3,981,Chicago,PARTNER0292,False,LIC2811784
PARTNER0309,Hailey Ellis,555-9103240,Bike,2.2,104,New York,PARTNER0490,True,LIC3043363
PARTNER0310,Daniel Pugh,555-3903474,Car,3.8,369,Chicago,PARTNER0037,False,LIC8902642
PARTNER0311,Christine Figueroa DDS,555-7204319,Car,1.2,511,Chicago,PARTNER0335,True,LIC6073357
PARTNER0312,Robert Neal,555-5102573,Van,1.8,589,Los Angeles,PARTNER0230,False,LIC9595880
PARTNER0313,Joanna Sanchez,555-9899965,Van,5.0,182,New York,PARTNER0499,False,LIC2308172
PARTNER0314,Molly Cooley,555-1279167,Van,2.8,755,New York,PARTNER0180,True,LIC5060150
PARTNER0315,Diana Alexander,555-6850024,Bike,4.5,409,Chicago,PARTNER0059,True,LIC9048032
PARTNER0316,Dylan Johnson,555-9926302,Van,4.5,321,Houston,PARTNER0019,True,LIC7617888
PARTNER0317,Robert Mcdonald,555-1337036,Bike,1.4,126,Phoenix,PARTNER0325,True,LIC1348579
PARTNER0318,Deborah Johnson,555-7446609,Car,4.0,630,Los Angeles,PARTNER0195,True,LIC3762196
PARTNER0319,Andrew Lee,555-5657632,Car,4.4,149,Houston,PARTNER0217,False,LIC5150226
PARTNER0320,Jeffrey Fox,555-3159490,Van,4.3,780,Los Angeles,PARTNER0481,False,LIC2667854
PARTNER0321,Billy Brown,555-9312038,Van,1.9,478,Los Angeles,PARTNER0349,False,LIC2489454
PARTNER0322,Ryan Bell,555-5030944,Bike,4.7,601,New York,PARTNER0241,True,LIC9430846
PARTNER0323,Gina Krause,555-6075860,Car,3.6,276,Houston,PARTNER0379,True,LIC7187445
PARTNER0324,Daniel Stewart,555-5062796,Car,4.4,296,Los Angeles,PARTNER0390,False,LIC8134281
PARTNER0325,Mr. Michael Stevens,555-1825951,Car,3.1,505,Houston,PARTNER0077,True,LIC5024488
PARTNER0326,David Thomas,555-2319393,Van,4.0,197,New York,PARTNER0058,True,LIC2614263
PARTNER0327,Martin Montgomery,555-2454086,Car,2.9,557,Houston,PARTNER0048,True,LIC4229502
PARTNER0328,Patricia Lopez,555-6700699,Bike,3.9,536,Houston,PARTNER0033,True,LIC8560236
PARTNER0329,Jean Vasquez,555-9299272,Bike,2.6,146,Chicago,PARTNER0047,False,LIC6293213
PARTNER0330,Jean Hopkins,555-4760697,Van,4.5,548,Phoenix,PARTNER0333,True,LIC9657363
PARTNER0331,Daniel Kaiser,555-5833269,Van,4.6,139,Houston,PARTNER0250,True,LIC3781823
PARTNER0332,Jason Moss,555-9605582,Van,3.5,975,Houston,PARTNER0167,False,LIC2342772
PARTNER0333,Shannon Wade,555-7588300,Van,3.3,930,Houston,PARTNER0185,True,LIC4280636
PARTNER0334,Elizabeth Hayes,555-6199151,Van,4.4,795,Phoenix,PARTNER0349,True,LIC6483155
PARTNER0335,Michael Mccormick,555-4039170,Bike,3.1,963,Phoenix,PARTNER0173,False,LIC8967459
PARTNER0336,Allen Bowman,555-7199672,Bike,4.8,217,Chicago,PARTNER0170,False,LIC6802358
PARTNER0337,Donald Porter,555-3962791,Bike,2.6,324,Phoenix,PARTNER0085,True,LIC5841661
PARTNER0338,Matthew Banks,555-2329234,Bike,2.8,134,Phoenix,PARTNER0236,False,LIC8832718
PARTNER0339,Kyle Duffy,555-2219448,Bike,2.8,605,New York,PARTNER0384,True,LIC3927248
PARTNER0340,Timothy Jackson,555-1615513,Car,2.7,411,Chicago,PARTNER0266,False,LIC1544269
PARTNER0341,Tyler Stephens,555-8713739,Bike,2.2,553,Los Angeles,PARTNER0098,True,LIC4438658
PARTNER0342,Dennis Cameron,555-8692905,Van,2.5,324,Chicago,PARTNER0079,False,LIC6524725
PARTNER0343,Michael Price,555-5806328,Car,2.8,462,Chicago,PARTNER0059,True,LIC4746052
PARTNER0344,Martin Coleman,555-3307857,Bike,2.3,748,New York,PARTNER0419,False,LIC1501934
PARTNER0345,Alan Golden,555-4766044,Van,2.0,385,Phoenix,PARTNER0329,False,LIC2001276
PARTNER0346,Jack Brown,555-9847115,Car,1.2,145,Houston,PARTNER0437,True,LIC6972856
PARTNER0347,Kevin Montes,555-5201505,Bike,3.5,361,Houston,PARTNER0015,False,LIC3251351
PARTNER0348,Kathryn Stephens,555-6059685,Bike,1.7,981,New York,PARTNER0264,True,LIC8526625
PARTNER0349,Anna Stone,555-7916105,Car,4.3,167,Los Angeles,PARTNER0068,True,LIC3777269
PARTNER0350,Andrew Kennedy,555-6041723,Van,4.2,255,Chicago,PARTNER0248,True,LIC1238617
PARTNER0351,Madison Harrison,555-6677233,Car,4.9,304,Los Angeles,PARTNER0018,True,LIC7613218
PARTNER0352,Kevin Macias,555-7126395,Car,1.8,191,Los Angeles,PARTNER0039,False,LIC5549423
PARTNER0353,Carol Green,555-4050159,Van,4.9,309,New York,PARTNER0267,False,LIC3108368
PARTNER0354,Emily Kaufman,555-2541345,Bike,1.7,706,Los Angeles,PARTNER0269,True,LIC8547683
PARTNER0355,Mrs. Barbara Lewis DVM,555-7918349,Car,1.1,459,Houston,PARTNER0375,False,LIC8214676
PARTNER0356,Caitlyn Cherry,555-1637935,Van,2.7,765,Houston,PARTNER0442,False,LIC9905649
PARTNER0357,Matthew Page,555-6200046,Car,3.5,968,Houston,PARTNER0426,True,LIC4422824
PARTNER0358,Tara Sandoval,555-2841553,Bike,1.8,756,Los Angeles,PARTNER0489,False,LIC5462942
PARTNER0359,Maria Humphrey,555-9006291,Van,2.7,247,New York,PARTNER0405,False,LIC1623570
PARTNER0360,April Lewis,555-2897855,Van,2.8,143,Houston,PARTNER0039,True,LIC3058514
PARTNER0361,Lisa Allen,555-4084604,Van,2.8,568,Los Angeles,PARTNER0079,False,LIC4890672
PARTNER0362,Garrett Hawkins,555-8626196,Van,2.2,236,Chicago,PARTNER0258,True,LIC7018061
PARTNER0363,Amber Lloyd,555-6134214,Bike,2.8,453,Phoenix,PARTNER0015,False,LIC1939831
PARTNER0364,Sean Elliott,555-6962842,Car,3.9,770,Phoenix,PARTNER0321,True,LIC6739823
PARTNER0365,Aaron Williams,555-2731582,Bike,3.1,612,Houston,PARTNER0301,True,LIC6545103
PARTNER0366,David Pineda,555-8312819,Car,4.3,247,New York,PARTNER0041,True,LIC1517076
PARTNER0367,Jacob Harrison,555-9390242,Van,3.0,743,New York,PARTNER0348,True,LIC8961698
PARTNER0368,Christy Lowery,555-4379059,Bike,1.9,387,Houston,PARTNER0484,True,LIC2033926
PARTNER0369,Shawn Murray,555-2670337,Car,1.4,183,Phoenix,PARTNER0420,False,LIC6181729
PARTNER0370,Madison Ramos,555-7337747,Bike,3.9,380,Chicago,PARTNER0213,True,LIC3309938
PARTNER0371,Sarah Rodriguez,555-7166340,Van,2.6,464,Houston,PARTNER0167,True,LIC2550184
PARTNER0372,Nancy Pierce,555-8487269,Car,2.5,596,Los Angeles,PARTNER0079,True,LIC7621449
PARTNER0373,Randall Huff,555-3782064,Van,3.8,378,Los Angeles,PARTNER0015,True,LIC6775161
PARTNER0374,Cassandra Rice,555-7234889,Van,4.7,549,Chicago,PARTNER0092,True,LIC6155676
PARTNER0375,Debra Sullivan,555-3066286,Bike,4.5,968,Phoenix,PARTNER0396,True,LIC4629494
PARTNER0376,Jacob Vaughn,555-9002222,Van,1.2,540,Chicago,PARTNER0199,False,LIC1767581
PARTNER0377,Vincent Butler,555-5457211,Car,1.1,353,Los Angeles,PARTNER0161,True,LIC2222594
PARTNER0378,James Roman,555-9222706,Bike,2.1,587,Chicago,PARTNER0270,True,LIC3658337
PARTNER0379,Nicole Smith,555-2283531,Van,3.9,553,Phoenix,PARTNER0183,True,LIC1100837
PARTNER0380,Gloria Dominguez DDS,555-7507023,Car,2.8,953,Chicago,PARTNER0054,False,LIC8409576
PARTNER0381,Angelica Howell,555-6855574,Bike,1.5,662,Houston,PARTNER0364,False,LIC1254226
PARTNER0382,Peter Blackwell,555-5823988,Car,2.1,137,Phoenix,PARTNER0082,True,LIC6012881
PARTNER0383,Austin Patterson,555-3447008,Van,1.4,746,New York,PARTNER0312,True,LIC8564259
PARTNER0384,Mary Smith,555-8224790,Van,5.0,577,Phoenix,PARTNER0460,False,LIC3731341
PARTNER0385,Michelle Rivera,555-2236759,Bike,4.9,543,New York,PARTNER0481,True,LIC7533849
PARTNER0386,Julie Fleming,555-4794849,Bike,1.1,805,Houston,PARTNER0497,False,LIC5173239
PARTNER0387,Anthony White PhD,555-2234787,Van,3.2,579,Houston,PARTNER0058,False,LIC6823701
PARTNER0388,Allen Logan,555-6980754,Car,4.7,391,Houston,PARTNER0068,False,LIC6653733
PARTNER0389,Benjamin Rivera,555-2441095,Bike,3.7,418,Los Angeles,PARTNER0011,False,LIC3376361
PARTNER0390,Daniel Winters,555-7087413,Car,3.4,608,Houston,PARTNER0021,False,LIC3596388
PARTNER0391,Eric Phelps,555-4105353,Van,4.9,907,Los Angeles,PARTNER0142,True,LIC5657896
PARTNER0392,Robert Franklin,555-8485419,Van,2.2,416,Los Angeles,PARTNER0408,False,LIC3884199
PARTNER0393,Kim Hayden,555-7203787,Bike,1.1,264,Phoenix,PARTNER0268,True,LIC2195320
PARTNER0394,Miranda Patel,555-5407716,Car,1.4,654,Los Angeles,PARTNER0041,True,LIC3923350
PARTNER0395,Jordan Avila,555-9463998,Van,2.3,693,Chicago,PARTNER0392,True,LIC3630023
PARTNER0396,David Kelly MD,555-9388076,Van,4.3,897,Chicago,PARTNER0131,True,LIC3046675
PARTNER0397,Michael White,555-6567215,Bike,3.6,451,Los Angeles,PARTNER0430,False,LIC8327431
PARTNER0398,Kathy Jones,555-9488567,Bike,4.4,737,New York,PARTNER0271,True,LIC9609923
PARTNER0399,Carrie Hopkins,555-6486967,Van,4.7,823,Phoenix,PARTNER0194,True,LIC5204503
PARTNER0400,Melissa Martin,555-5270803,Van,4.9,794,New York,PARTNER0434,True,LIC2359423
PARTNER0401,Robin Green,555-4529203,Car,4.4,429,Los Angeles,PARTNER0487,True,LIC6033459
PARTNER0402,Tonya Jones,555-9267762,Car,2.0,395,Chicago,PARTNER0420,False,LIC9032012
PARTNER0403,Chad Aguilar,555-3776432,Van,2.9,962,New York,PARTNER0491,True,LIC7032286
PARTNER0404,Alejandro Bradshaw,555-1900539,Bike,2.0,553,Houston,PARTNER0483,False,LIC1906593
PARTNER0405,Elizabeth Fritz,555-7522032,Car,2.6,398,New York,PARTNER0418,True,LIC9972609
PARTNER0406,Cody Frye,555-7077408,Car,3.4,199,Los Angeles,PARTNER0340,True,LIC9137483
PARTNER0407,Kristina Campbell,555-2639811,Bike,4.7,785,New York,PARTNER0448,True,LIC1846966
PARTNER0408,Kara Gomez,555-7138890,Van,4.6,478,Chicago,PARTNER0146,True,LIC4569771
PARTNER0409,Kenneth Peterson,555-8690598,Car,2.6,1000,Los Angeles,PARTNER0118,True,LIC3135192
PARTNER0410,Carol French,555-1781648,Van,1.7,445,Chicago,PARTNER0013,True,LIC8892961
PARTNER0411,Mark Nguyen,555-3723655,Van,1.0,404,Chicago,PARTNER0201,True,LIC3090876
PARTNER0412,Crystal Anderson,555-5311534,Car,2.7,503,Phoenix,PARTNER0189,True,LIC1284265
PARTNER0413,John Johnson,555-3162282,Bike,3.0,344,New York,PARTNER0338,False,LIC3913807
PARTNER0414,Scott Cook,555-8601026,Car,3.1,780,New York,PARTNER0471,False,LIC2725222
PARTNER0415,Hunter Gonzalez,555-1556204,Van,1.3,980,Phoenix,PARTNER0460,True,LIC9826463
PARTNER0416,Pamela Bell,555-5981160,Car,2.5,157,Houston,PARTNER0379,False,LIC5132884
PARTNER0417,Mitchell Hall,555-6063016,Bike,3.5,513,Chicago,PARTNER0227,False,LIC7435358
PARTNER0418,Gabrielle Russell,555-2193791,Van,2.3,455,Los Angeles,PARTNER0004,False,LIC4159666
PARTNER0419,Laura Tucker,555-6432336,Car,4.3,969,Los Angeles,PARTNER0374,False,LIC2315418
PARTNER0420,Dr. Tamara Hayes,555-6684716,Car,4.7,128,Los Angeles,PARTNER0247,True,LIC8502927
PARTNER0421,Erica Hines,555-4004227,Car,3.0,517,Chicago,PARTNER0038,False,LIC1449287
PARTNER0422,Stacey Johnson,555-2404102,Bike,2.3,332,New York,PARTNER0467,True,LIC6747184
PARTNER0423,Karen Clark,555-6590390,Car,2.2,912,Los Angeles,PARTNER0200,False,LIC2776368
PARTNER0424,Kristen Dean,555-7605143,Van,1.9,729,Los Angeles,PARTNER0477,True,LIC4172578
PARTNER0425,Rachel Faulkner,555-6235759,Bike,4.1,295,Chicago,PARTNER0066,True,LIC6377498
PARTNER0426,Cheryl Browning,555-8491402,Car,3.6,424,New York,PARTNER0428,False,LIC1233234
PARTNER0427,Kenneth Perez,555-8290541,Bike,4.7,465,Los Angeles,PARTNER0022,False,LIC6663096
PARTNER0428,Garrett Ramirez,555-6245356,Bike,4.6,642,New York,PARTNER0168,True,LIC6477229
PARTNER0429,Charles Hughes,555-9523862,Car,3.9,504,Houston,PARTNER0229,True,LIC1624285
PARTNER0430,Michael Johnson,555-5614032,Car,4.1,601,Los Angeles,PARTNER0164,True,LIC2018992
PARTNER0431,Erica Perez,555-4127826,Car,2.2,299,New York,PARTNER0202,False,LIC6462734
PARTNER0432,Erica Fowler,555-9006102,Car,1.8,637,Phoenix,PARTNER0175,True,LIC7462738
PARTNER0433,Brooke Wood,555-5484217,Bike,3.4,461,Chicago,PARTNER0487,False,LIC3823280
PARTNER0434,Benjamin Becker,555-4116768,Bike,4.5,668,Chicago,PARTNER0014,False,LIC9456909
PARTNER0435,Andrea Gillespie,555-2098892,Van,3.5,405,Houston,PARTNER0091,True,LIC6744025
PARTNER0436,Justin Taylor,555-7846993,Bike,3.6,652,Phoenix,PARTNER0107,True,LIC6191468
PARTNER0437,Timothy Gilbert,555-3396533,Car,1.1,195,Houston,PARTNER0218,True,LIC1276120
PARTNER0438,Ronald Perez,555-4416346,Van,1.1,987,Chicago,PARTNER0157,False,LIC6755791
PARTNER0439,Joseph Woods,555-9151176,Van,3.1,377,Phoenix,PARTNER0097,False,LIC5789055
PARTNER0440,Tara Wilson,555-4231497,Bike,2.8,262,Chicago,PARTNER0376,False,LIC3001996
PARTNER0441,Patricia Robinson,555-7217919,Car,3.1,608,New York,PARTNER0409,False,LIC2716238
PARTNER0442,Jessica Burnett,555-9879843,Car,3.4,876,New York,PARTNER0345,False,LIC8025131
PARTNER0443,Richard Marks,555-6810590,Car,3.9,451,New York,PARTNER0260,True,LIC7081863
PARTNER0444,Nicholas Dudley,555-5877503,Car,1.7,343,Chicago,PARTNER0374,True,LIC1802100
PARTNER0445,Joshua Atkins,555-7956159,Bike,1.7,126,Chicago,PARTNER0083,False,LIC9286909
PARTNER0446,Kenneth Warner,555-3509546,Van,4.3,271,New York,PARTNER0164,False,LIC4342976
PARTNER0447,Walter Clay,555-1525002,Car,1.4,277,New York,PARTNER0316,False,LIC6118974
PARTNER0448,Nathan Phillips,555-8764758,Car,2.5,452,Houston,PARTNER0352,True,LIC5874881
PARTNER0449,Edgar Klein,555-9780329,Car,1.1,611,Phoenix,PARTNER0370,True,LIC2869891
PARTNER0450,Janice George,555-4490164,Car,1.2,666,Los Angeles,PARTNER0331,False,LIC6841557
PARTNER0451,Robert Lyons,555-4491291,Bike,1.7,534,New York,PARTNER0205,False,LIC1742372
PARTNER0452,David Elliott,555-9258590,Van,2.3,225,Houston,PARTNER0214,False,LIC1336124
PARTNER0453,Taylor Campbell,555-5930078,Bike,2.2,723,Houston,PARTNER0033,True,LIC1765788
PARTNER0454,Rachel Brown,555-1048814,Car,5.0,224,Chicago,PARTNER0216,False,LIC4389847
PARTNER0455,Rebecca Reynolds,555-5904196,Car,4.6,684,Houston,PARTNER0023,True,LIC6408706
PARTNER0456,Kendra Powell,555-3788171,Bike,3.0,145,Chicago,PARTNER0288,False,LIC3329635
PARTNER0457,Samantha Davis,555-5583370,Bike,1.8,655,New York,PARTNER0069,True,LIC6472961
PARTNER0458,David Flores III,555-6619929,Van,2.6,863,Chicago,PARTNER0386,False,LIC6527434
PARTNER0459,Charles Knox,555-4225957,Car,3.9,477,Chicago,PARTNER0437,False,LIC5525597
PARTNER0460,Jared Ward,555-9987031,Van,3.4,840,Los Angeles,PARTNER0243,True,LIC4605763
PARTNER0461,Joshua Massey,555-9520120,Van,3.2,458,Houston,PARTNER0131,False,LIC8267406
PARTNER0462,Kenneth Brown,555-1034043,Van,4.0,471,Houston,PARTNER0452,True,LIC6071696
PARTNER0463,John Vargas,555-1849221,Van,1.5,724,Houston,PARTNER0021,False,LIC1552278
PARTNER0464,Elaine Perez,555-5909589,Car,1.2,133,Los Angeles,PARTNER0088,False,LIC2945563
PARTNER0465,Christopher Butler,555-2780320,Bike,4.6,630,New York,PARTNER0340,True,LIC4051118
PARTNER0466,Edward Aguirre,555-2368727,Car,3.6,922,New York,PARTNER0061,True,LIC3484135
PARTNER0467,Emily Shields,555-3174309,Car,4.2,627,Chicago,PARTNER0193,True,LIC6552931
PARTNER0468,William Fisher,555-9590976,Van,1.6,519,New York,PARTNER0339,True,LIC6520326
PARTNER0469,James Smith,555-9171613,Car,4.2,179,Houston,PARTNER0431,True,LIC7152829
PARTNER0470,Brian Hoover,555-9391318,Car,2.1,618,Phoenix,PARTNER0112,False,LIC5532255
PARTNER0471,Joseph Evans,555-6665228,Car,2.4,340,Chicago,PARTNER0223,False,LIC5423842
PARTNER0472,Linda Norris,555-7524184,Van,4.3,987,New York,PARTNER0127,False,LIC5137200
PARTNER0473,Matthew Brown,555-2267496,Van,1.1,437,Chicago,PARTNER0107,True,LIC5249817
PARTNER0474,Oscar Barrett,555-1654215,Van,4.9,675,New York,PARTNER0396,False,LIC5716167
PARTNER0475,Monica Thompson,555-7646918,Van,3.8,207,Houston,PARTNER0489,False,LIC6374877
PARTNER0476,Tammy Perez,555-8611560,Bike,3.5,384,Los Angeles,PARTNER0317,True,LIC3715327
PARTNER0477,Jacob Taylor,555-8161232,Bike,1.3,847,New York,PARTNER0394,True,LIC8706924
PARTNER0478,Dakota Gallagher,555-4780576,Bike,4.2,969,Los Angeles,PARTNER0183,False,LIC6997514
PARTNER0479,Shelley Gonzales,555-1725323,Car,4.4,374,Phoenix,PARTNER0478,False,LIC2968218
PARTNER0480,Jeffrey Howard,555-7305504,Van,2.0,664,New York,PARTNER0313,True,LIC6547299
PARTNER0481,Christopher Farrell,555-7398238,Car,2.1,208,Los Angeles,PARTNER0438,True,LIC4036875
PARTNER0482,Anthony Brown,555-6253543,Bike,3.4,116,Phoenix,PARTNER0319,True,LIC1568293
PARTNER0483,Sergio King,555-3408155,Car,1.1,711,Chicago,PARTNER0181,True,LIC6546111
PARTNER0484,Brittany Carroll,555-5333856,Van,2.1,359,Los Angeles,PARTNER0171,True,LIC6113879
PARTNER0485,Wanda Hill,555-8941081,Van,4.5,838,Phoenix,PARTNER0045,False,LIC1709366
PARTNER0486,Julie Kirby,555-2346614,Car,2.5,282,Houston,PARTNER0309,False,LIC9504578
PARTNER0487,Dana Smith,555-3197068,Bike,1.8,313,Houston,PARTNER0499,True,LIC5275013
PARTNER0488,Brianna Hamilton,555-4064437,Bike,3.0,168,Chicago,PARTNER0202,True,LIC4588966
PARTNER0489,Lindsey Carrillo,555-8205773,Bike,3.2,481,Chicago,PARTNER0423,True,LIC6819315
PARTNER0490,Kenneth Walter,555-4737392,Bike,4.2,852,Houston,PARTNER0288,False,LIC3349042
PARTNER0491,Monica Huerta,555-4668401,Van,3.6,887,New York,PARTNER0175,False,LIC3087469
PARTNER0492,Stephen Watson,555-8218244,Van,2.9,657,Los Angeles,PARTNER0253,False,LIC9570284
PARTNER0493,Tammy Jackson,555-5359191,Bike,4.1,404,New York,PARTNER0372,True,LIC6575937
PARTNER0494,Linda Krueger,555-8447249,Van,1.2,835,Chicago,PARTNER0180,False,LIC8009327
PARTNER0495,Erika Phillips,555-8743003,Car,4.2,709,Chicago,PARTNER0365,False,LIC2765513
PARTNER0496,Mary Kramer,555-1298704,Car,1.7,689,Houston,PARTNER0309,True,LIC8241756
PARTNER0497,Kristin Reyes,555-4408293,Car,4.4,436,Chicago,PARTNER0377,True,LIC5900684
PARTNER0498,Shannon Kerr,555-1036519,Van,3.5,190,New York,PARTNER0046,False,LIC5167946
PARTNER0499,Jamie Lopez,555-1818433,Bike,1.4,352,Chicago,PARTNER0326,True,LIC1587883
PARTNER0500,Katherine Potter,555-5110763,Bike,4.0,338,Los Angeles,PARTNER0444,False,LIC9535186
